Days of airfrost,Precipitation,Sunshine hours,Humidity (%),Wind Speed,Aircraft total movements,Weather and flight condition category,Runway surface minimal temperature,Runway surface maximal temperature
24,59.9,58.5,79.3,5.1,1347,3,-2.6,3.8
0,66.7,158.3,61.0,3.5,1306,1,11.5,20.0
0,39.5,194.6,57.9,3.2,1284,0,8.6,16.8
0,34.0,192.8,60.2,2.6,1270,1,12.2,22.4
8,17.7,50.3,79.7,2.9,1319,3,2.3,9.5
0,55.1,56.0,66.0,4.0,1237,3,4.9,10.3
0,79.8,112.0,56.9,3.9,1218,0,8.4,16.1
13,50.1,34.5,73.2,4.3,1231,3,2.0,6.5
0,35.2,229.1,59.6,2.6,1253,1,14.5,24.3
9,17.8,37.4,82.1,3.4,1282,3,0.4,5.8
0,34.7,85.4,65.0,3.2,1202,2,8.2,14.8
4,57.0,78.5,60.0,4.1,1230,2,3.4,9.6
4,47.4,48.0,69.3,3.9,1338,3,4.2,9.5
0,50.0,246.4,58.3,3.0,1376,1,15.0,25.8
9,58.0,129.7,56.7,4.0,1410,0,2.2,10.5
2,25.4,96.7,56.1,2.8,1422,0,5.7,13.9
3,72.9,55.5,62.9,4.2,1321,2,6.2,11.4
5,59.3,59.2,60.8,4.0,1286,2,4.2,10.6
0,18.5,87.1,59.8,2.5,1323,2,7.6,14.6
12,84.6,60.3,72.2,4.8,1189,3,1.3,7.0
10,95.8,58.0,67.0,4.7,1297,3,2.6,9.0
0,8.4,206.7,64.4,0.9,1399,2,10.8,21.9
4,89.5,69.4,64.3,4.4,1317,2,4.5,11.2
2,22.8,180.9,58.3,2.7,1270,0,5.0,14.3
4,55.1,58.1,70.7,3.9,1324,3,4.0,10.8
2,48.2,27.7,67.1,3.6,1275,2,8.0,13.4
10,58.7,45.7,76.3,4.2,1271,3,1.9,8.9
0,142.2,51.6,59.1,4.5,1280,2,8.8,15.1
2,29.6,55.0,61.7,3.2,1229,2,5.3,11.2
1,92.4,60.2,56.4,4.4,1258,0,5.2,11.5
0,43.8,103.9,55.8,3.7,1223,0,4.4,11.9
1,38.2,47.8,71.9,3.6,1252,3,4.4,10.0
0,89.6,158.4,57.6,3.8,1297,1,12.0,19.9
13,29.8,78.3,68.6,3.8,1350,3,0.1,6.3
0,39.4,35.0,66.1,3.4,1301,3,8.9,13.7
5,62.2,102.5,68.1,4.1,1261,3,3.8,10.4
0,84.6,182.1,59.0,3.6,1362,1,12.8,21.5
11,29.1,40.3,68.1,3.7,1340,3,1.5,7.6
7,19.7,62.4,67.2,3.3,1282,3,2.5,7.3
0,67.2,201.7,58.9,3.6,1328,1,10.6,20.1
0,68.7,124.9,59.3,3.7,1361,2,8.8,16.4
0,140.0,156.0,61.9,4.4,1348,2,9.5,17.5
1,18.8,129.1,60.7,2.4,1285,2,7.5,16.2
2,41.7,114.0,64.5,3.3,1345,2,7.6,15.1
0,75.2,103.1,59.7,3.6,1235,1,13.1,20.8
2,73.4,51.4,56.7,4.4,1305,0,2.5,8.9
13,82.8,44.7,76.3,5.0,1279,3,1.0,5.8
1,57.1,129.7,56.9,3.7,1245,0,5.6,14.0
0,50.0,162.3,60.4,3.2,1327,2,10.2,18.6
0,64.4,104.3,58.4,3.4,1203,1,14.2,21.5
2,85.1,29.6,76.4,4.7,1442,3,2.7,8.0
0,50.3,247.8,57.7,2.9,1277,1,16.0,27.6
0,51.7,88.5,61.9,3.4,1248,2,10.1,17.6
10,32.9,71.6,72.6,3.8,1263,3,1.3,7.4
0,35.0,174.6,58.2,2.8,1231,1,12.6,21.6
1,51.1,84.9,56.5,3.8,1272,0,5.7,12.1
0,29.2,229.3,60.1,2.6,1384,1,10.5,21.7
12,47.9,34.4,72.4,4.2,1316,3,1.8,6.9
0,55.9,184.7,57.9,3.3,1362,1,11.9,20.8
0,50.5,222.9,56.1,3.4,1339,0,7.5,17.0
2,119.3,33.6,72.7,4.8,1232,3,4.2,9.4
0,27.8,147.8,60.5,2.7,1364,2,10.8,18.8
0,31.2,79.0,60.8,3.4,1182,2,5.9,11.3
0,110.1,164.1,60.0,4.1,1287,1,11.2,19.3
15,60.2,64.5,66.7,4.4,1302,3,0.7,7.6
2,43.4,35.0,69.5,4.0,1319,3,2.6,7.9
0,21.6,105.6,63.9,2.6,1327,2,8.7,15.9
0,49.1,173.7,56.8,3.1,1239,1,12.7,21.4
1,29.2,126.2,63.0,3.1,1275,2,5.3,13.7
1,27.7,145.8,56.9,3.0,1293,0,5.1,13.5
1,50.0,80.4,62.3,3.9,1289,2,4.7,10.4
4,72.1,83.2,56.5,4.4,1330,0,2.4,9.0
0,64.2,78.5,61.2,3.6,1295,2,10.7,16.5
0,40.9,189.1,57.3,2.9,1321,1,13.8,23.7
3,49.6,78.4,70.9,3.8,1374,3,4.0,11.3
0,39.5,132.5,58.3,3.1,1363,1,10.8,19.5
0,89.8,91.7,67.0,4.5,1190,3,4.4,10.6
8,50.6,71.4,66.5,4.1,1407,3,2.5,8.4
0,46.4,204.3,58.2,3.0,1305,1,13.9,24.0
0,54.6,180.5,59.4,3.2,1278,1,13.3,22.6
7,68.2,95.9,56.8,4.1,1203,0,3.0,10.7
0,23.8,219.4,59.3,2.4,1402,1,11.7,21.6
12,29.0,92.0,74.0,3.8,1306,3,0.6,6.7
0,19.2,169.5,60.8,2.4,1296,1,12.8,21.0
0,62.9,149.8,56.7,3.7,1371,0,6.9,15.1
4,36.8,52.2,80.9,3.6,1201,3,2.9,9.9
0,80.6,158.3,56.8,3.9,1297,0,8.2,16.0
0,49.7,122.5,67.7,3.4,1342,2,9.6,16.9
0,38.5,61.8,58.4,3.6,1287,0,4.9,11.8
0,155.5,75.2,66.0,4.7,1341,2,8.2,14.2
0,68.6,126.3,56.4,3.8,1318,0,7.2,15.0
3,73.8,52.4,71.6,4.4,1403,3,3.6,9.2
0,59.4,167.9,60.0,3.2,1304,2,14.7,24.4
5,41.5,25.3,71.1,4.1,1272,3,3.1,7.2
0,16.9,267.1,58.5,1.9,1253,1,15.2,26.2
0,39.6,167.6,59.5,2.7,1276,1,14.1,23.9
7,2.4,54.8,72.5,1.2,1258,3,1.2,7.4
2,55.5,37.1,73.6,4.1,1382,3,4.1,9.2
1,37.6,114.4,63.0,3.2,1248,2,7.1,15.7
1,128.4,51.1,65.4,4.6,1398,2,6.9,12.5
0,64.7,125.4,63.0,3.4,1359,2,12.0,20.9
0,127.7,145.4,59.1,4.3,1305,1,10.1,17.8
0,5.1,117.3,61.8,0.6,1329,2,9.9,18.2
2,63.4,140.3,57.4,3.8,1249,0,5.2,13.7
0,10.4,100.9,59.8,1.6,1358,2,8.1,15.7
0,25.4,166.6,57.3,2.5,1284,0,9.7,18.2
0,36.3,217.3,59.7,2.8,1352,1,14.1,24.1
0,55.7,267.1,59.1,3.1,1263,1,13.1,24.2
0,73.5,239.5,59.0,3.4,1269,1,13.8,23.5
2,92.3,38.0,80.8,4.5,1302,3,4.5,10.3
0,30.0,234.4,56.2,2.8,1309,0,8.2,19.0
0,21.9,221.4,57.2,2.4,1371,0,8.0,18.7
0,22.4,196.4,56.7,2.6,1223,0,7.5,17.0
0,47.6,245.5,61.2,3.0,1255,1,13.3,23.3
0,47.2,170.0,57.7,3.6,1273,0,4.9,13.5
0,1.6,98.4,66.1,0.2,1299,2,8.4,17.1
0,49.8,173.6,58.4,3.2,1258,1,12.6,21.7
0,79.4,146.7,58.3,3.6,1277,1,12.6,20.7
4,63.1,37.8,70.3,4.1,1394,3,3.5,10.3
3,44.3,40.7,70.5,3.8,1403,2,4.8,9.5
4,62.2,52.7,61.3,4.0,1287,2,6.0,11.2
0,43.9,224.2,59.0,3.0,1339,1,12.2,21.8
0,20.0,178.2,66.3,2.2,1340,2,11.5,20.3
0,84.6,178.8,56.5,3.8,1309,0,9.8,18.0
7,21.1,90.1,69.8,3.1,1349,3,2.8,8.8
10,64.3,40.1,63.0,4.5,1340,3,0.9,6.8
1,45.0,134.4,63.8,3.4,1252,2,6.8,15.0
5,33.7,93.4,56.4,3.4,1213,0,3.0,10.8
0,28.8,213.9,57.1,2.3,1333,1,14.7,24.2
0,75.3,126.9,57.2,3.9,1350,0,6.8,14.6
0,39.9,153.0,56.8,3.2,1268,0,6.7,15.8
11,52.8,62.3,58.6,4.3,1306,0,1.2,6.9
0,41.8,142.7,56.2,3.5,1359,0,4.7,12.7
3,16.9,199.5,56.4,2.4,1330,0,6.1,15.0
3,95.3,78.2,58.1,4.6,1407,0,3.8,9.5
8,76.8,35.6,73.6,4.6,1279,3,2.8,7.4
0,95.0,142.4,61.6,3.9,1417,2,10.7,19.2
3,10.2,67.8,70.8,2.3,1350,2,4.5,11.4
5,73.9,50.0,67.6,4.4,1290,3,4.6,9.0
11,51.6,56.4,68.1,4.2,1311,3,1.7,7.9
5,81.7,60.1,58.7,4.4,1287,2,3.5,9.9
0,37.8,98.4,64.5,3.2,1332,2,8.5,15.4
0,122.1,81.3,61.5,4.4,1334,2,8.6,14.7
5,71.7,32.4,72.9,4.4,1268,3,3.4,8.9
0,11.2,143.4,63.2,1.7,1323,2,11.4,20.6
11,105.6,62.8,84.9,5.0,1288,3,1.0,7.2
0,22.4,284.5,59.7,2.3,1284,1,10.7,23.6
1,32.4,129.9,59.6,3.3,1420,0,4.9,12.9
0,69.9,132.9,57.7,3.6,1264,1,10.6,18.6
0,53.0,181.3,58.0,3.2,1358,1,12.3,21.3
0,37.6,140.3,58.2,3.0,1235,1,11.1,19.0
0,23.2,293.7,63.5,2.3,1278,1,10.4,21.8
0,62.3,158.6,57.1,3.4,1198,1,14.2,22.5
0,18.4,140.4,60.4,2.4,1310,2,10.1,18.1
7,32.2,50.0,66.3,3.6,1233,2,4.0,9.1
0,65.8,151.1,57.1,3.8,1254,0,5.9,14.6
1,61.0,137.0,65.2,3.6,1199,2,8.5,16.5
0,84.0,173.5,59.2,3.7,1252,1,11.0,20.7
4,59.5,88.1,57.0,4.1,1296,0,3.7,10.7
0,86.3,109.7,62.4,3.9,1298,2,10.8,17.8
0,27.7,146.6,64.5,2.6,1288,2,12.0,20.1
1,52.8,175.0,56.5,3.7,1281,0,5.1,13.3
0,88.2,159.6,58.2,3.7,1288,1,13.3,22.5
0,66.4,192.2,57.7,3.6,1302,0,9.4,17.3
0,54.4,164.2,56.0,3.3,1305,0,10.6,19.6
0,88.6,110.9,59.1,3.7,1199,1,13.2,21.6
5,48.2,58.1,63.2,3.8,1255,2,3.5,10.8
0,36.1,237.0,60.9,2.7,1242,1,11.3,21.3
0,88.4,152.0,62.6,3.9,1275,2,9.6,17.8
8,71.9,64.0,71.0,4.4,1320,3,3.1,8.8
10,20.8,101.2,78.1,3.1,1302,3,1.8,8.4
0,35.5,258.5,58.9,2.6,1298,1,11.4,22.1
0,38.6,98.9,60.8,3.4,1374,2,6.1,13.9
0,77.3,176.1,59.3,3.6,1334,1,13.2,21.8
2,58.1,140.5,56.8,3.8,1298,0,3.9,12.5
0,12.4,205.7,61.5,1.5,1191,1,11.1,22.0
0,57.2,172.3,62.7,3.2,1260,1,12.5,21.8
0,70.1,273.3,58.2,3.4,1196,1,12.7,23.6
7,52.5,55.6,61.9,4.0,1403,2,3.5,9.9
1,44.1,138.2,57.9,3.6,1321,0,4.4,12.5
2,2.4,51.0,76.5,1.0,1294,3,2.5,7.2
0,64.4,106.3,67.3,3.5,1267,2,11.2,17.8
0,29.6,157.9,58.3,3.0,1255,0,7.1,15.0
0,58.9,187.3,60.6,3.4,1331,1,11.9,20.3
6,70.5,42.5,65.1,4.5,1303,3,2.8,7.8
0,7.6,221.1,61.2,1.3,1304,1,15.5,27.2
1,73.4,27.0,83.4,4.4,1277,3,4.4,9.3
0,42.8,248.6,60.2,3.0,1341,1,12.1,22.1
0,76.8,172.5,57.1,3.5,1274,1,13.7,22.8
3,33.8,88.3,62.9,3.4,1388,2,4.4,11.3
0,2.0,308.6,57.1,0.0,1334,0,9.1,21.1
2,56.6,100.0,56.3,3.8,1332,0,4.5,12.9
9,31.4,75.9,59.1,3.6,1295,0,2.1,8.6
0,54.6,184.7,57.4,3.3,1259,1,11.0,19.7
0,12.2,197.0,60.2,1.2,1360,1,11.4,22.2
0,56.3,110.0,65.9,3.6,1336,2,8.5,15.5
12,36.4,66.1,75.5,3.9,1302,3,2.1,7.3
0,49.8,157.0,61.6,3.2,1320,2,11.4,20.3
0,12.4,220.1,57.8,1.5,1280,1,12.1,23.5
4,47.6,50.3,66.3,3.9,1300,3,4.7,10.1
0,39.4,84.7,58.2,3.2,1258,2,9.3,16.3
0,13.3,226.0,60.9,1.7,1302,1,15.0,25.9
6,23.8,107.0,66.2,3.1,1282,2,3.7,10.9
1,58.0,46.5,67.9,4.1,1362,3,3.8,9.7
0,71.9,204.8,56.9,3.7,1274,0,7.6,18.0
0,53.6,184.3,58.3,3.1,1344,1,13.0,22.3
0,35.8,184.9,57.2,3.0,1346,0,10.2,19.1
4,20.3,207.6,57.0,2.7,1289,0,3.9,13.6
1,90.8,56.8,56.1,4.4,1354,0,6.5,11.8
0,54.4,234.3,57.5,2.9,1374,1,15.9,27.0
10,59.0,68.2,73.5,4.2,1455,3,2.5,9.0
0,96.3,104.5,61.1,4.0,1416,2,9.8,17.5
0,26.2,180.0,61.7,2.5,1315,1,12.1,22.1
0,131.4,125.6,61.1,4.2,1350,2,11.6,18.8
0,73.4,89.9,63.1,3.7,1257,2,11.3,17.8
0,71.4,155.8,58.7,3.4,1327,1,13.7,23.0
9,33.2,56.4,78.2,3.8,1293,3,2.0,7.6
7,48.6,89.5,71.8,4.0,1299,3,2.6,9.3
0,48.2,182.1,60.4,3.1,1307,1,14.5,24.5
12,12.0,60.7,73.4,2.6,1258,3,1.7,8.3
0,4.1,287.0,57.1,0.1,1310,0,9.0,20.5
1,98.4,141.7,57.1,4.3,1353,0,4.9,13.3
2,60.6,40.3,70.8,4.0,1348,3,5.2,10.7
3,72.8,123.3,57.0,4.2,1369,0,3.2,10.7
0,44.8,138.6,56.2,3.5,1378,0,4.8,13.4
0,39.1,205.5,59.7,3.1,1336,0,9.0,18.2
0,17.2,225.8,57.6,2.3,1325,1,11.4,21.8
0,124.8,199.8,59.2,4.1,1303,1,14.0,22.8
0,52.4,134.8,58.3,3.4,1308,1,9.6,17.4
0,25.1,219.2,57.1,2.5,1319,0,9.2,19.2
6,62.5,36.3,70.8,4.2,1269,3,2.2,9.3
3,59.4,112.6,60.5,3.8,1297,2,5.3,12.5
7,42.4,104.7,57.0,3.9,1301,0,2.3,9.1
13,40.9,41.3,74.9,4.2,1384,3,0.7,6.2
6,10.4,138.1,57.7,2.3,1289,0,2.2,11.5
11,30.0,88.6,64.0,3.6,1329,2,1.2,8.1
0,10.4,255.3,59.6,1.4,1314,1,15.7,26.4
3,29.5,153.2,57.1,3.2,1161,0,3.8,12.3
0,26.0,241.7,59.5,2.4,1282,1,14.4,24.1
0,98.6,88.7,56.4,4.4,1317,0,5.4,12.2
0,22.1,70.0,66.6,3.0,1338,2,5.1,10.7
0,68.7,229.2,58.6,3.3,1250,1,13.9,23.9
0,47.6,158.8,58.0,3.1,1224,1,12.6,21.7
5,43.8,86.8,73.0,3.8,1294,3,2.9,9.4
4,41.7,59.3,62.0,3.9,1308,2,2.9,8.8
6,26.0,59.2,70.3,3.3,1271,3,3.1,9.5
0,21.7,182.5,60.2,2.2,1354,1,13.4,22.5
0,24.0,212.2,63.1,2.3,1240,1,11.9,23.2
15,45.0,70.5,67.5,4.5,1391,3,-0.9,4.9
1,71.8,75.4,65.6,4.2,1288,2,4.6,11.0
0,11.1,213.7,62.3,1.7,1288,2,10.6,21.1
0,10.8,134.6,63.3,1.6,1387,2,12.8,21.5
0,2.4,218.0,56.8,0.2,1315,0,8.6,19.7
8,43.5,124.4,57.9,3.8,1241,0,1.8,10.1
0,80.8,170.8,56.5,3.9,1257,0,7.0,15.4
0,48.3,193.4,57.6,3.2,1332,1,11.3,20.8
0,10.4,210.4,59.1,1.7,1348,1,12.7,22.4
1,16.4,167.2,58.3,2.4,1354,0,5.7,16.1
0,49.0,120.9,63.7,3.3,1309,2,10.1,18.0
0,39.1,248.0,57.7,3.0,1421,1,11.3,20.8
0,23.2,111.6,65.3,2.6,1312,2,7.0,14.4
0,83.8,134.8,62.7,3.7,1269,2,12.1,20.0
2,51.3,88.4,58.9,3.9,1299,2,4.6,10.4
1,75.7,30.2,88.8,4.4,1328,3,3.0,9.3
0,51.9,190.5,58.9,3.2,1250,1,12.9,21.7
0,88.4,85.6,63.4,4.1,1254,2,8.0,14.2
0,68.8,155.0,57.1,3.8,1293,0,6.3,14.9
0,98.2,239.1,57.9,3.9,1299,1,11.0,20.3
2,57.8,67.2,73.4,4.2,1371,3,3.0,9.2
7,72.4,36.5,77.8,4.4,1337,3,3.5,8.5
0,0.4,234.5,59.4,0.9,1338,1,13.1,24.2
0,35.2,171.2,58.1,2.7,1327,1,13.4,23.8
0,47.5,143.9,69.5,3.1,1247,2,12.7,21.4
0,94.6,151.1,59.8,3.8,1268,2,11.3,20.3
0,38.4,220.5,57.7,3.1,1333,0,6.1,15.7
0,60.4,192.7,57.6,3.5,1214,0,9.7,19.0
22,52.8,64.1,98.5,4.7,1254,3,-1.1,5.0
0,78.6,151.6,59.9,3.7,1342,1,12.2,20.2
0,20.3,247.1,61.7,2.2,1314,1,15.2,26.3
0,22.8,157.5,68.7,2.5,1269,2,8.1,17.4
0,53.4,138.6,57.9,3.2,1282,1,11.7,19.8
0,76.5,110.3,63.7,4.1,1289,2,5.8,12.9
0,45.8,202.5,58.8,3.0,1262,1,14.1,23.3
4,14.6,126.4,56.8,2.5,1318,0,3.8,12.3
7,16.8,59.2,74.8,3.1,1275,3,2.0,7.6
0,61.2,171.1,61.0,3.2,1292,1,14.9,24.2
0,18.8,182.7,64.5,2.3,1330,2,12.5,20.8
1,151.2,59.8,62.1,4.9,1294,2,5.5,11.9
0,45.8,217.6,60.0,2.9,1315,1,13.4,23.1
0,14.8,272.5,63.4,2.0,1359,1,16.4,28.3
0,142.8,42.7,60.4,4.9,1280,2,5.0,10.6
0,19.8,228.3,57.5,2.3,1219,0,8.5,17.7
0,58.4,248.3,56.8,3.3,1297,0,9.8,20.8
1,35.7,172.9,56.9,3.4,1309,0,3.7,11.6
2,100.4,48.6,72.0,4.4,1330,3,6.0,12.2
0,11.4,151.0,56.6,2.0,1295,0,5.3,13.8
4,63.0,60.6,73.2,4.1,1364,3,3.8,9.9
5,74.8,54.8,69.9,4.4,1297,3,3.0,9.5
0,28.4,188.6,60.2,2.6,1320,1,14.6,24.5
0,69.8,75.4,61.4,4.1,1242,2,6.4,12.2
3,30.0,198.0,56.9,3.0,1374,0,6.3,15.7
5,92.9,59.3,71.4,4.5,1328,3,3.9,9.9
1,38.2,235.4,56.7,3.1,1265,0,6.5,18.2
0,43.7,183.0,66.6,3.0,1345,2,11.5,21.4
4,58.9,108.5,57.8,4.0,1338,0,3.5,11.3
14,43.0,72.8,69.6,4.2,1347,3,1.0,6.6
0,32.2,180.9,63.6,2.6,1363,1,13.8,23.0
0,47.4,182.9,57.8,3.1,1219,1,12.7,21.5
0,66.1,73.1,61.3,4.0,1252,2,5.2,12.1
0,25.2,268.2,58.5,2.2,1330,1,15.2,27.0
0,52.4,124.0,61.8,3.1,1305,2,13.3,22.3
1,6.9,154.6,58.4,1.8,1250,0,4.8,13.6
7,43.6,96.7,56.9,3.6,1347,0,4.5,11.5
6,63.3,60.8,84.9,4.1,1302,3,4.0,10.7
0,60.7,180.4,62.3,3.4,1334,2,11.6,20.7
0,21.6,201.4,60.1,2.0,1341,1,14.6,24.7
0,18.0,161.8,60.8,2.0,1183,1,15.1,25.0
0,59.0,120.1,64.1,3.4,1260,2,11.0,19.2
0,80.0,149.6,57.6,3.8,1284,0,9.7,17.9
0,38.4,196.6,57.5,3.1,1381,0,9.3,18.6
0,27.2,20.5,67.5,3.4,1330,3,5.2,9.9
0,21.2,215.7,58.0,2.2,1242,1,12.7,22.3
5,43.6,133.4,57.3,3.5,1304,0,5.0,13.3
0,57.6,147.0,63.8,3.5,1247,2,8.1,17.2
0,52.9,139.1,56.8,3.6,1309,0,6.3,14.2
0,20.2,219.7,58.4,2.2,1244,1,13.5,22.8
8,38.6,63.9,71.1,3.9,1299,3,1.8,8.0
5,14.4,34.4,67.1,2.8,1297,3,4.1,8.9
0,43.0,110.7,63.8,3.1,1306,2,11.2,18.5
0,41.6,202.0,57.9,3.2,1306,0,9.1,18.0
5,5.4,230.5,56.6,1.2,1342,0,3.9,14.6
0,101.2,149.1,68.0,4.0,1327,2,12.7,20.4
0,26.9,184.3,58.5,2.6,1376,1,13.0,21.4
7,36.4,57.9,66.1,3.7,1269,3,3.1,9.1
3,25.0,147.5,57.3,2.8,1196,0,5.5,14.3
5,6.6,113.1,72.2,1.7,1333,3,3.5,11.6
0,67.2,139.7,58.1,3.5,1315,1,12.4,20.1
0,34.2,155.3,58.2,2.8,1422,0,10.1,20.2
0,56.8,250.2,57.8,3.1,1323,1,13.5,25.3
1,64.2,144.5,56.2,4.0,1389,0,4.3,11.5
0,25.8,182.6,56.6,2.9,1338,0,5.9,15.1
1,9.9,182.3,57.5,1.9,1317,0,4.3,13.7
2,52.8,158.5,56.6,3.7,1299,0,4.8,13.1
12,16.0,89.2,62.8,2.8,1171,2,1.8,9.9
11,108.6,35.4,79.4,4.9,1383,3,2.6,7.8
1,12.4,156.1,56.7,2.1,1351,0,4.6,14.3
0,64.8,164.8,57.0,3.5,1349,0,10.4,19.8
0,93.4,101.7,59.8,3.8,1293,1,12.7,20.7
9,87.3,54.0,62.4,4.6,1292,3,1.7,8.4
0,29.4,195.0,60.6,2.7,1307,2,11.0,20.9
0,27.8,201.1,58.1,2.4,1288,1,14.2,24.4
0,104.3,152.2,58.5,4.0,1236,1,10.7,19.4
0,3.1,118.5,65.0,0.4,1264,2,11.7,19.6
17,85.3,47.0,66.4,5.3,1305,3,-1.5,4.4
0,110.8,118.5,58.2,4.0,1354,1,11.6,19.4
0,17.2,217.2,56.6,2.3,1270,0,7.4,16.8
0,16.0,182.8,59.8,1.6,1297,1,14.5,24.0
10,38.5,45.3,97.4,4.0,1378,3,1.7,7.0
0,15.2,159.3,56.6,2.3,1299,0,4.7,14.0
0,49.6,118.9,63.1,3.2,1315,2,11.1,19.7
1,40.0,126.4,56.5,3.5,1363,0,5.1,12.3
8,56.7,49.3,70.4,4.2,1300,3,2.8,8.7
7,34.4,68.5,70.4,3.6,1256,3,3.4,9.8
0,71.8,189.7,57.0,3.4,1325,1,13.8,23.7
1,71.9,70.9,70.6,4.2,1370,3,4.4,10.7
4,39.8,106.4,58.0,3.6,1352,0,3.7,11.1
0,39.8,94.2,59.1,3.3,1275,2,9.3,15.8
7,48.0,80.1,67.1,4.1,1310,3,1.6,7.9
10,50.9,58.5,65.7,4.0,1295,3,2.7,9.2
0,59.5,149.1,56.6,3.5,1172,0,8.6,17.1
1,28.2,259.2,56.7,2.8,1353,0,8.5,18.7
8,63.6,50.0,69.4,4.4,1345,3,1.9,8.2
0,19.2,232.5,59.2,1.8,1337,1,12.9,24.2
0,36.7,161.4,63.1,2.9,1310,2,10.8,19.6
0,105.8,132.1,63.4,3.9,1348,2,12.5,20.1
18,11.1,54.4,71.3,3.4,1323,3,-1.0,3.6
1,52.1,123.2,57.2,3.6,1271,0,5.7,13.6
13,25.3,67.2,65.6,3.8,1401,3,0.2,5.7
0,9.1,138.7,58.0,1.7,1407,0,7.7,15.7
0,43.1,42.7,62.3,3.5,1286,2,8.4,13.6
0,37.3,210.5,58.1,3.1,1299,0,7.2,16.4
0,42.9,113.7,60.5,3.1,1279,2,11.3,19.3
0,50.8,194.5,57.7,3.0,1265,1,14.9,25.5
2,30.0,158.5,57.2,3.2,1374,0,3.7,12.9
0,93.0,141.3,58.7,3.8,1359,1,13.6,21.8
2,43.8,164.7,57.5,3.5,1237,0,4.4,12.5
0,17.0,265.0,57.8,2.1,1269,1,11.2,21.5
0,45.3,217.9,60.1,3.0,1352,1,13.0,22.8
0,119.0,34.1,67.2,4.9,1326,3,5.2,9.0
1,24.0,140.7,56.4,3.0,1205,0,4.1,11.6
5,95.1,66.8,57.0,4.8,1316,0,2.6,7.6
19,31.0,85.3,83.5,4.0,1288,3,-0.5,5.5
2,54.0,144.5,57.6,3.8,1319,0,3.3,12.4
2,34.2,66.7,58.4,3.4,1373,2,4.5,11.1
16,16.1,44.1,76.1,3.4,1269,3,0.0,5.4
4,94.9,99.6,57.5,4.6,1233,0,2.0,9.2
0,28.8,233.7,58.3,2.4,1298,1,13.2,24.2
8,29.2,93.3,66.3,3.4,1298,2,3.5,10.7
0,66.5,138.5,56.2,4.0,1269,0,5.4,12.8
7,21.1,39.7,63.9,3.3,1360,3,2.3,7.8
0,15.4,166.3,59.4,2.2,1229,1,9.0,17.5
1,16.0,120.4,57.5,2.6,1251,0,4.9,12.1
1,102.1,183.6,57.5,4.2,1306,0,7.8,15.6
0,46.9,150.1,64.5,3.3,1435,2,8.5,17.8
0,75.3,128.4,60.5,3.8,1242,2,10.5,18.5
0,49.2,160.5,63.8,3.5,1344,2,7.9,15.6
4,8.2,81.7,63.1,2.0,1293,2,6.2,12.6
8,42.6,72.0,79.8,4.0,1386,3,1.2,7.7
1,92.3,94.3,65.7,4.4,1331,3,5.3,11.7
0,84.6,131.9,57.9,4.0,1255,0,7.2,16.5
0,54.9,172.5,58.8,3.3,1225,1,11.5,20.6
0,151.0,66.1,66.5,4.8,1339,2,7.0,12.4
0,71.8,161.6,58.7,3.6,1296,1,13.2,21.3
1,30.0,153.0,56.7,3.0,1328,0,6.2,14.6
7,51.4,47.8,81.0,4.2,1261,3,2.5,7.6
9,46.1,18.5,81.4,4.3,1381,3,1.4,6.1
0,64.4,147.5,58.6,3.4,1221,1,13.5,21.3
0,6.9,273.2,60.2,1.1,1271,1,13.2,24.7
3,29.5,102.7,57.9,3.3,1263,0,3.9,10.8
0,64.7,163.7,57.0,3.6,1376,0,8.2,16.4
0,19.3,209.2,56.8,2.4,1279,0,8.9,19.3
0,33.9,65.0,56.6,3.5,1403,0,4.5,10.2
10,63.4,62.0,99.1,4.3,1303,3,1.6,8.8
0,52.8,174.7,58.4,3.2,1294,1,12.8,21.0
11,17.8,93.3,74.6,3.2,1328,3,1.4,7.3
0,12.1,310.1,57.5,1.8,1252,0,10.0,21.0
0,27.2,151.4,61.9,2.6,1288,1,12.7,22.3
0,3.6,224.6,56.6,0.4,1322,0,7.7,18.9
3,76.4,21.0,73.8,4.2,1302,3,5.9,10.9
23,54.8,76.2,70.6,4.6,1272,3,-1.1,5.7
0,46.1,197.8,57.2,3.2,1365,0,9.8,19.6
0,40.4,236.0,59.9,2.9,1339,1,12.6,22.1
8,41.7,33.6,61.4,3.8,1322,2,3.2,9.1
0,58.6,174.9,61.2,3.3,1244,1,13.5,22.0
12,34.1,105.2,56.8,3.6,1373,0,1.3,9.4
0,41.8,163.3,57.6,3.2,1369,0,7.7,16.4
7,77.2,75.3,72.4,4.5,1293,3,2.4,8.7
0,54.0,174.9,57.7,3.2,1255,1,12.6,22.5
0,17.3,112.7,61.9,2.4,1294,2,8.5,15.6
3,33.3,157.5,56.9,3.2,1272,0,5.3,14.0
0,36.4,182.6,60.3,2.8,1329,1,14.3,23.5
9,44.6,61.4,70.0,3.9,1339,3,3.1,8.9
2,58.8,42.2,61.0,4.0,1288,2,5.2,10.7
0,82.6,115.4,58.9,4.2,1270,0,5.7,12.7
9,65.4,96.5,63.0,4.3,1292,2,2.2,8.4
0,63.8,139.7,60.3,3.4,1301,1,12.6,21.2
0,34.6,241.1,57.7,2.7,1313,1,13.9,23.5
0,29.8,193.9,57.2,2.8,1332,0,9.4,19.1
0,26.8,249.3,58.3,2.4,1406,1,14.7,26.0
5,56.5,44.5,65.6,4.4,1363,3,2.1,6.9
0,106.2,188.8,59.1,4.0,1364,1,10.9,19.8
17,88.6,46.2,72.3,4.9,1287,3,0.2,6.8
0,97.6,183.6,58.9,3.8,1271,1,12.7,21.7
11,41.2,65.1,67.6,4.0,1337,3,1.7,7.3
0,56.7,148.9,57.7,3.2,1297,1,12.8,22.0
0,72.4,116.3,63.5,3.8,1305,2,8.5,16.4
0,74.2,191.5,58.0,3.7,1303,1,11.6,20.1
7,12.6,67.1,69.6,2.8,1311,3,1.4,7.6
4,60.6,55.1,72.1,4.1,1367,3,3.2,9.7
0,39.5,152.1,59.1,3.1,1265,1,10.4,18.5
0,76.0,141.0,60.8,3.9,1313,2,7.7,15.4
2,37.6,111.3,57.5,3.4,1400,0,5.1,12.4
5,69.6,92.3,74.9,4.3,1348,3,2.8,9.2
3,47.2,51.4,70.6,3.9,1212,3,4.3,10.0
11,12.6,56.0,69.5,2.9,1246,3,2.0,7.5
0,68.8,140.2,59.8,3.4,1267,1,13.5,22.2
10,44.6,91.2,57.5,3.8,1317,0,2.8,9.4
0,90.0,178.0,59.1,3.6,1357,1,14.9,23.8
4,27.2,101.3,57.6,3.3,1348,0,2.8,10.3
0,24.9,173.4,61.5,2.5,1323,2,10.0,19.7
0,15.4,263.5,58.9,1.8,1247,1,14.9,26.6
13,10.3,59.3,68.0,3.0,1206,3,0.2,5.5
0,35.4,142.3,65.3,3.0,1270,2,8.9,16.6
0,59.5,118.6,58.6,3.4,1339,2,11.1,18.5
5,39.5,53.0,68.4,3.8,1304,3,2.7,8.7
0,31.8,176.6,57.7,2.9,1308,0,8.8,18.0
0,35.0,161.2,61.5,2.9,1283,2,12.4,21.3
2,25.6,122.5,56.0,3.0,1293,0,5.0,12.2
3,86.4,77.4,62.5,4.4,1386,2,3.8,10.5
24,14.5,61.9,67.3,4.5,1291,3,-2.7,1.7
0,12.0,282.7,57.2,1.9,1281,1,11.3,22.8
11,72.3,57.4,80.9,4.9,1331,3,-0.2,5.6
0,78.2,153.9,61.2,3.5,1214,2,14.5,22.7
8,44.4,65.7,73.8,4.0,1204,3,1.9,8.2
3,34.2,120.2,68.2,3.4,1297,3,3.3,12.4
4,45.4,113.8,56.4,3.8,1365,0,3.9,10.7
0,116.8,134.1,61.7,4.0,1312,1,14.1,22.2
12,16.8,84.9,74.7,3.0,1315,3,1.3,8.0
11,13.0,57.6,64.0,3.0,1325,3,1.4,6.2
14,38.0,57.7,72.0,4.0,1390,3,0.4,6.9
1,162.4,68.3,65.5,5.1,1282,3,3.8,10.0
4,56.8,105.1,57.2,3.9,1329,0,4.5,11.2
3,71.2,21.1,66.2,4.3,1258,3,5.3,10.1
21,21.4,18.5,82.4,4.0,1284,3,-1.5,3.9
0,20.0,168.9,63.6,2.2,1293,2,11.2,21.6
7,81.2,43.8,76.6,4.5,1289,3,2.9,8.7
0,38.3,120.8,57.6,3.4,1362,0,5.7,12.9
17,49.0,100.3,69.1,4.3,1257,3,0.1,6.8
1,42.8,36.2,65.9,3.8,1304,3,4.8,10.2
0,27.6,240.0,59.1,2.4,1223,1,13.7,24.2
9,91.0,107.5,60.5,4.4,1218,2,2.7,10.5
0,5.1,209.2,60.4,0.7,1370,2,10.6,22.7
3,78.4,74.9,63.9,4.2,1366,2,5.4,11.8
1,27.8,161.4,56.3,2.9,1196,0,4.4,14.1
0,86.7,165.0,68.0,3.7,1362,2,13.2,21.3
0,99.6,135.8,56.4,4.3,1251,0,5.4,12.9
12,32.4,58.0,69.2,3.7,1335,3,1.4,7.7
0,42.2,122.1,63.2,3.0,1336,2,13.7,22.4
13,37.6,99.7,56.9,3.8,1301,0,0.7,8.1
0,32.6,198.7,59.6,2.6,1262,1,14.3,24.3
0,16.4,263.7,61.7,2.2,1363,1,13.2,25.1
20,41.3,46.9,67.0,4.6,1432,3,-1.8,4.1
3,44.9,166.0,61.2,3.4,1352,2,7.5,15.9
6,81.2,70.3,56.2,4.4,1352,0,3.0,9.8
0,36.0,176.3,58.1,3.1,1330,0,8.4,18.6
0,42.4,250.4,58.3,2.9,1311,1,13.0,23.2
11,26.6,87.0,65.8,3.2,1163,2,2.5,10.3
0,123.8,69.9,63.8,4.5,1245,2,7.6,13.2
0,15.4,190.0,60.1,1.9,1297,1,12.1,21.8
1,34.1,54.9,62.7,3.4,1327,2,5.1,11.5
12,39.9,105.5,71.4,4.0,1355,3,0.8,7.2
6,113.7,59.6,70.1,4.9,1321,3,2.2,8.9
0,78.5,210.6,56.3,3.8,1284,0,7.9,17.2
0,72.9,136.8,56.2,3.8,1253,0,7.5,15.6
0,60.8,150.9,58.2,3.4,1346,1,11.8,20.3
11,68.8,47.4,77.6,4.6,1246,3,0.7,6.7
4,40.2,94.2,73.0,3.7,1391,3,2.6,10.2
10,13.1,28.0,69.1,2.9,1365,3,2.0,7.3
3,59.5,122.7,56.2,4.0,1332,0,3.7,11.4
0,96.6,118.9,69.3,3.9,1330,2,11.2,19.0
0,54.2,167.2,57.4,3.5,1334,0,8.6,16.9
0,109.1,69.6,61.4,4.4,1268,2,7.8,14.1
0,22.0,142.0,61.8,2.5,1311,2,10.7,19.2
0,58.2,161.8,59.6,3.1,1373,1,15.6,25.6
9,52.3,59.6,71.4,4.1,1370,3,2.1,8.6
2,59.5,67.5,64.7,4.1,1245,2,4.3,9.4
6,53.5,53.0,63.5,3.9,1377,2,3.5,10.8
10,26.0,105.2,59.5,3.5,1348,0,1.1,8.1
0,35.2,241.4,64.3,2.8,1287,1,13.2,22.9
2,56.0,56.6,69.6,4.0,1422,3,5.1,10.5
0,83.6,178.2,58.7,3.6,1395,1,13.8,23.5
0,86.0,119.1,67.5,3.8,1247,2,11.8,20.2
9,57.7,78.0,62.1,4.1,1332,2,3.2,9.9
1,74.8,104.0,65.0,3.9,1368,2,8.3,15.2
0,24.5,164.0,57.5,2.4,1348,1,13.4,22.7
0,73.4,98.1,61.5,3.7,1322,2,11.0,18.6
1,21.6,72.1,83.6,3.0,1275,3,3.8,9.5
0,76.0,103.8,65.7,3.7,1211,2,11.0,17.6
3,43.3,39.8,63.2,3.8,1239,2,4.2,9.8
0,111.2,144.1,66.5,4.1,1250,2,10.6,19.5
5,63.6,41.2,67.5,4.2,1282,3,4.5,9.7
5,16.6,72.6,72.2,3.0,1346,3,1.9,8.6
15,51.8,51.3,68.1,4.7,1205,3,-0.3,4.5
0,78.0,161.6,59.7,3.7,1275,1,12.2,20.1
0,60.9,195.0,58.0,3.3,1297,1,12.4,21.8
0,6.8,190.3,67.4,0.7,1238,2,11.8,20.9
6,58.0,78.8,61.0,4.1,1389,2,3.2,10.1
16,11.9,71.6,66.4,2.7,1208,3,-0.1,7.1
5,46.4,48.2,86.6,4.0,1366,3,2.9,8.8
4,32.8,64.9,70.3,3.9,1299,3,1.2,6.7
2,25.9,102.7,58.1,3.0,1293,0,5.3,12.5
0,0.3,295.3,60.9,2.1,1311,1,15.6,27.0
0,71.1,57.6,69.3,4.3,1288,3,4.4,10.2
5,106.9,54.7,71.4,4.8,1407,3,3.1,8.8
0,115.2,159.9,58.9,4.0,1403,1,13.1,21.4
6,26.0,115.9,63.0,3.4,1399,3,1.8,8.7
0,23.6,266.4,60.7,2.2,1238,1,16.7,28.2
14,42.7,105.2,56.5,3.9,1312,0,1.4,8.5
0,17.1,166.7,62.4,1.9,1300,2,10.8,20.1
3,84.8,81.3,68.3,4.3,1300,2,4.6,11.4
0,16.4,176.9,57.0,2.6,1339,0,4.4,13.6
